Actual,Predicted
102755.27,-256951.08866926236
20766.0,-121304.46781965299
268.36,-109670.14530988736
125024.39,-230473.799850903
10208.79,-88555.76860090299
27669.02,89554.95698503451
